user_id,subscription_tier,avg_listening_minutes,session_count
MS0001,Standard,36.6,4
MS0002,Free,60.4,16
MS0003,Free,52.7,2
MS0004,Premium,47.5,14
MS0005,Premium,109.5,14
MS0006,Free,33.5,14
MS0007,Premium,88.7,18
MS0008,Standard,57.4,5
MS0009,Premium,63.8,13
MS0010,Free,27.0,11
MS0011,Free,66.5,14
MS0012,Free,58.9,18
MS0013,Premium,119.5,15
MS0014,Standard,75.0,9
MS0015,Free,,17
MS0016,Free,50.3,9
MS0017,Free,50.0,6
MS0018,Premium,64.0,16
MS0019,Free,26.7,10
MS0020,Premium,59.5,4
MS0021,Free,68.1,2
MS0022,Premium,95.4,11
MS0023,Standard,44.7,13
MS0024,Premium,,12
MS0025,Premium,86.4,18
MS0026,Free,50.2,17
MS0027,Standard,41.7,14
MS0028,Premium,93.3,11
MS0029,Standard,84.1,17
MS0030,Standard,42.2,15
MS0031,Free,19.9,1
MS0032,Standard,57.0,4
MS0033,Standard,49.3,16
MS0034,Standard,58.2,14
MS0035,Free,15.0,15
MS0036,Free,36.3,15
MS0037,Free,43.8,7
MS0038,Premium,84.8,14
MS0039,Free,66.0,9
MS0040,Free,25.5,7
MS0041,Premium,89.5,9
MS0042,Free,62.8,14
MS0043,Standard,88.6,14
MS0044,Premium,89.2,16
MS0045,Standard,71.2,4
MS0046,Premium,57.2,12
MS0047,Standard,43.4,16
MS0048,Free,27.1,3
MS0049,Free,31.7,5
MS0050,Free,35.6,17
MS0051,,76.6,18
MS0052,Standard,78.5,4
MS0053,Standard,49.6,1
MS0054,Standard,36.3,16
MS0055,Standard,52.2,5
MS0056,Premium,68.6,13
MS0057,Premium,97.0,14
MS0058,Free,24.0,5
MS0059,Premium,81.2,9
MS0060,Free,35.4,15
MS0061,Standard,61.5,14
MS0062,Premium,71.2,17
MS0063,Free,53.7,12
MS0064,Standard,53.6,4
MS0065,Premium,62.2,16
MS0066,Free,33.5,7
MS0067,Standard,77.0,12
MS0068,Premium,80.5,16
MS0069,Free,58.4,12
MS0070,Standard,70.9,16
MS0071,Free,41.3,16
MS0072,Standard,60.5,4
MS0073,Premium,69.4,17
MS0074,Standard,85.3,17
MS0075,Premium,116.8,8
MS0076,Free,43.8,3
MS0077,Premium,85.3,17
MS0078,Standard,68.2,14
MS0079,Free,53.9,13
MS0080,Free,54.6,9
MS0081,Free,38.5,12
MS0082,Free,31.6,9
MS0083,Premium,106.4,11
MS0084,Free,68.0,7
MS0085,Free,33.4,12
MS0086,Premium,79.1,1
MS0087,Premium,81.6,16
MS0088,Premium,89.5,15
MS0089,Free,55.6,14
MS0090,Free,44.2,6
MS0091,Standard,56.9,2
MS0092,Standard,46.9,18
MS0093,Premium,72.6,14
MS0094,Standard,67.3,12
MS0095,Free,47.5,8
MS0096,Standard,74.1,4
MS0097,Free,52.2,4
MS0098,Standard,63.0,15
MS0099,Standard,16.5,4
MS0100,Free,49.3,3
MS0101,Free,44.3,7
MS0102,Premium,83.1,18
MS0103,Standard,57.3,6
MS0104,Free,80.9,6
MS0105,Premium,66.3,1
MS0106,Premium,94.8,9
MS0107,Free,35.6,4
MS0108,Standard,42.4,1
MS0109,Premium,100.1,1
MS0110,Premium,52.2,7
MS0111,Premium,92.6,8
MS0112,Free,41.8,5
MS0113,Free,30.6,13
MS0114,Premium,53.5,5
MS0115,Free,40.5,7
MS0116,Standard,56.4,6
MS0117,Premium,27.5,14
MS0118,Premium,77.7,5
MS0119,Free,28.4,3
MS0120,Premium,66.0,4
MS0036,Free,36.3,15
MS0061,Standard,61.5,14
MS0088,Premium,89.5,15
